temp,rh,precip,elevation,slope,crop type
29.2,76,92.8,186,0,banana
27.3,84,101.0,128,1,banana
27.4,83,104.9,99,5,banana
29.3,80,90.1,232,1,banana
26.1,79,113.2,191,0,banana
25.9,84,114.5,162,1,banana
27.0,80,97.3,68,4,banana
29.6,78,99.3,143,1,banana
26.3,83,113.9,147,1,banana
29.2,76,100.0,238,0,banana
28.7,83,98.8,120,0,banana
29.1,77,100.2,100,5,banana
28.1,75,118.3,266,1,banana
27.2,79,99.7,176,1,banana
28.1,78,108.4,255,1,banana
25.1,83,98.7,237,5,banana
25.9,78,119.8,77,3,banana
27.7,80,108.7,90,2,banana
25.6,76,102.8,116,1,banana
28.7,83,116.2,74,2,banana
26.3,77,118.7,239,5,banana
25.9,79,98.2,160,1,banana
25.1,85,91.5,253,5,banana
27.5,81,105.1,172,0,banana
26.2,82,112.1,178,2,banana
29.1,79,92.1,192,0,banana
29.2,77,90.7,68,4,banana
25.6,77,93.1,123,3,banana
26.4,81,98.2,181,5,banana
28.1,78,109.5,80,2,banana
27.8,83,117.3,68,5,banana
27.4,82,94.3,287,1,banana
25.1,81,119.2,268,4,banana
28.7,79,102.5,122,1,banana
29.2,77,109.6,177,1,banana
27.6,82,91.3,113,5,banana
25.4,82,113.0,120,1,banana
26.0,83,112.1,73,2,banana
26.3,81,118.7,240,5,banana
29.1,79,117.5,226,4,banana
26.6,79,107.4,70,1,banana
25.4,75,116.6,282,5,banana
29.1,80,112.4,118,3,banana
27.5,77,110.3,248,1,banana
29.7,84,110.3,265,1,banana
25.1,85,110.4,154,1,banana
25.9,79,116.3,67,4,banana
25.9,82,119.1,228,4,banana
26.5,78,108.9,60,0,banana
28.7,80,118.3,72,1,banana
28.1,82,91.4,262,1,banana
26.4,84,95.1,201,1,banana
26.6,81,110.0,219,5,banana
27.7,77,102.2,159,3,banana
29.0,83,109.0,265,2,banana
29.4,84,117.2,162,1,banana
27.4,81,112.1,289,5,banana
26.4,84,111.0,151,4,banana
27.8,83,99.2,190,0,banana
25.2,84,115.9,232,0,banana
28.3,76,119.7,246,1,banana
25.9,81,110.1,145,1,banana
27.5,76,109.3,120,1,banana
29.4,84,109.2,104,5,banana
29.2,81,108.9,163,1,banana
27.1,81,110.1,158,5,banana
26.1,82,104.5,276,1,banana
29.0,78,90.4,256,5,banana
28.0,79,119.5,292,1,banana
28.1,76,119.0,127,1,banana
25.2,85,90.9,234,1,banana
25.8,85,114.2,237,5,banana
25.3,85,91.1,204,5,banana
29.4,78,96.5,64,3,banana
26.5,79,113.1,129,0,banana
27.4,83,92.8,88,5,banana
25.1,80,94.3,59,1,banana
26.7,77,91.7,109,1,banana
25.4,80,100.7,222,1,banana
28.2,81,98.0,225,4,banana
28.1,78,103.5,147,5,banana
28.9,82,95.8,71,1,banana
28.0,84,97.6,63,1,banana
28.0,79,94.7,59,0,banana
29.1,80,90.5,209,1,banana
27.9,83,90.2,92,0,banana
25.4,82,96.5,134,5,banana
28.6,85,111.1,253,1,banana
26.6,83,100.5,120,1,banana
27.2,77,99.5,211,0,banana
25.3,79,105.4,88,1,banana
29.9,77,92.0,221,0,banana
27.9,77,109.1,236,0,banana
25.0,79,108.4,215,1,banana
29.2,85,108.6,69,5,banana
27.4,85,90.8,159,1,banana
28.0,77,103.7,113,1,banana
28.7,82,94.4,260,1,banana
27.3,79,92.2,260,2,banana
29.5,78,98.1,183,2,banana
27.9,76,99.9,134,1,banana
25.5,80,101.7,198,5,banana
23.0,82,264.0,262,1,rice
26.5,80,242.9,176,1,rice
20.1,82,262.7,94,1,rice
23.1,83,251.1,78,0,rice
22.7,83,271.3,103,1,rice
20.3,83,242.0,702,2,rice
24.5,84,230.4,378,2,rice
23.2,83,221.2,53,1,rice
26.5,81,264.6,78,0,rice
24.0,82,250.1,98,1,rice
26.8,81,284.4,53,1,rice
24.0,82,185.3,79,0,rice
25.7,81,209.6,673,1,rice
24.3,80,231.1,692,1,rice
21.6,83,276.7,546,2,rice
23.8,80,206.3,352,2,rice
21.9,80,224.6,352,0,rice
23.6,84,291.3,264,2,rice
21.3,81,185.5,249,2,rice
25.2,83,231.4,251,1,rice
21.9,81,213.4,197,1,rice
21.1,83,233.1,223,1,rice
23.5,81,224.1,60,1,rice
25.1,81,257.0,43,1,rice
26.4,84,271.4,45,0,rice
24.5,81,260.3,68,2,rice
20.8,85,240.1,74,2,rice
22.3,81,198.0,69,1,rice
21.4,85,272.2,62,0,rice
22.2,80,200.1,63,2,rice
24.5,83,224.7,45,1,rice
20.3,82,270.4,69,2,rice
25.7,84,233.1,55,0,rice
26.8,82,193.3,65,0,rice
26.8,81,272.3,110,1,rice
23.9,83,285.2,118,2,rice
21.0,83,298.4,73,1,rice
24.2,84,257.0,80,2,rice
22.8,82,248.7,79,1,rice
25.6,84,209.9,73,1,rice
25.6,80,200.8,53,1,rice
23.8,85,298.6,59,0,rice
26.3,82,265.5,61,1,rice
24.9,81,183.7,57,1,rice
25.0,85,197.0,359,0,rice
23.2,85,233.0,489,1,rice
21.7,81,210.8,417,0,rice
24.6,80,253.7,386,2,rice
23.4,83,219.9,501,2,rice
20.0,80,208.6,427,0,rice
23.9,82,195.1,231,0,rice
22.0,82,227.4,195,0,rice
26.2,84,286.5,190,1,rice
23.4,85,283.9,174,1,rice
25.7,84,217.4,156,1,rice
24.4,83,268.0,154,1,rice
20.3,82,192.0,167,2,rice
21.7,80,278.0,728,1,rice
20.4,82,245.2,471,1,rice
25.8,84,245.7,115,0,rice
20.6,84,279.5,99,1,rice
21.8,81,202.4,72,1,rice
20.1,83,263.6,64,2,rice
24.5,83,182.6,62,2,rice
21.1,80,198.7,68,1,rice
25.8,82,243.5,56,1,rice
23.6,80,263.1,70,0,rice
23.4,81,269.5,75,1,rice
25.0,84,204.8,71,2,rice
22.7,82,260.9,80,1,rice
24.9,83,295.6,64,1,rice
21.3,83,192.3,58,1,rice
26.3,85,257.5,61,0,rice
22.2,82,278.1,59,1,rice
26.7,82,280.4,58,2,rice
24.9,82,185.9,55,1,rice
26.9,82,194.6,72,2,rice
22.7,84,200.9,48,1,rice
26.1,80,182.9,50,0,rice
25.4,83,195.4,52,1,rice
26.4,81,223.4,46,2,rice
26.0,85,186.8,54,1,rice
25.3,81,220.1,101,1,rice
22.1,84,231.7,123,1,rice
23.3,81,242.3,99,0,rice
25.5,81,182.7,127,1,rice
23.7,81,233.7,125,2,rice
20.8,84,230.2,91,2,rice
26.9,82,290.7,85,1,rice
23.8,84,241.2,100,0,rice
26.5,80,218.9,59,0,rice
26.5,84,248.2,67,1,rice
22.7,83,257.0,69,1,rice
22.7,84,194.3,59,2,rice
21.5,82,295.9,149,1,rice
21.4,83,287.6,169,2,rice
26.5,85,183.6,204,1,rice
23.4,84,188.4,91,2,rice
20.9,80,191.7,304,0,rice
26.1,83,144.7,107,0,rice
20.5,83,136.7,361,5,rice
24.1,80,147.3,309,1,rice
23.4,84,122.2,298,1,rice
23.4,81,139.4,352,0,rice
23.1,50,164.5,673,3,coffee
23.1,64,129.9,513,6,coffee
27.6,51,122.8,724,18,coffee
25.5,69,171.4,736,9,coffee
26.7,56,140.6,756,14,coffee
26.2,53,189.1,659,19,coffee
27.0,57,165.7,664,7,coffee
24.7,52,135.1,710,16,coffee
27.4,56,149.0,674,11,coffee
25.2,62,135.0,681,4,coffee
23.1,68,161.9,613,1,coffee
27.2,53,175.7,633,1,coffee
23.3,61,194.2,629,2,coffee
25.2,58,124.2,593,13,coffee
25.6,58,195.8,471,1,coffee
25.6,61,190.2,519,20,coffee
25.7,51,196.3,650,1,coffee
24.4,63,148.7,736,1,coffee
23.7,67,144.7,675,1,coffee
24.5,67,180.5,692,9,coffee
27.1,53,192.4,679,18,coffee
27.6,69,167.4,630,6,coffee
23.6,55,191.4,634,13,coffee
23.2,52,117.3,655,16,coffee
24.7,51,197.6,651,4,coffee
24.4,65,119.6,659,12,coffee
27.2,52,126.2,696,8,coffee
26.5,67,120.6,437,5,coffee
27.0,61,191.5,424,10,coffee
27.6,59,117.9,354,1,coffee
23.3,53,168.3,336,1,coffee
24.2,54,115.2,324,3,coffee
23.4,64,122.7,283,15,coffee
26.0,56,176.9,297,11,coffee
24.8,57,124.4,349,7,coffee
26.2,66,148.4,415,2,coffee
24.4,66,181.6,345,19,coffee
26.0,62,153.5,722,17,coffee
26.2,62,193.7,156,14,coffee
27.1,64,190.2,598,1,coffee
25.6,61,199.5,505,20,coffee
27.7,54,139.9,776,8,coffee
26.2,54,133.1,201,5,coffee
26.7,52,156.2,634,13,coffee
27.1,56,139.5,387,7,coffee
27.6,61,196.6,232,12,coffee
27.5,56,130.6,456,16,coffee
23.6,51,130.4,303,4,coffee
25.0,58,192.9,278,9,coffee
27.6,54,177.8,675,19,coffee
24.0,61,161.5,545,3,coffee
24.2,67,122.4,98,10,coffee
25.6,69,168.8,367,2,coffee
24.3,54,184.4,402,6,coffee
26.4,52,177.3,734,1,coffee
26.6,57,152.1,237,2,coffee
26.4,59,121.6,378,1,coffee
25.2,58,156.1,102,18,coffee
23.4,55,171.7,190,15,coffee
23.6,60,185.2,690,11,coffee
24.2,70,163.3,99,1,coffee
26.4,54,175.4,512,14,coffee
26.1,63,147.8,265,17,coffee
27.8,65,192.7,590,20,coffee
25.6,63,193.6,379,8,coffee
27.9,68,115.2,76,13,coffee
26.1,52,161.3,165,4,coffee
26.4,65,163.6,523,17,coffee
24.9,54,129.5,513,10,coffee
27.3,68,192.4,58,1,coffee
26.1,52,136.3,165,15,coffee
23.1,67,162.6,523,6,coffee
23.5,68,171.9,745,9,coffee
25.1,69,194.9,289,18,coffee
24.0,59,134.7,456,5,coffee
26.7,70,158.9,432,12,coffee
26.7,51,126.8,623,19,coffee
24.6,57,137.7,145,7,coffee
27.5,51,144.0,134,16,coffee
27.6,59,156.7,578,11,coffee
26.7,58,145.1,90,3,coffee
27.0,62,142.9,150,2,coffee
23.2,53,153.1,763,14,coffee
23.5,65,186.2,312,1,coffee
27.3,55,141.5,612,20,coffee
27.5,63,181.4,380,2,coffee
25.6,57,188.6,701,1,coffee
23.3,50,183.5,89,2,coffee
24.9,54,166.3,481,1,coffee
26.8,66,177.8,443,9,coffee
27.4,57,127.9,445,16,coffee
24.1,67,173.3,214,4,coffee
26.3,52,127.2,584,11,coffee
23.6,60,140.9,209,14,coffee
22.6,64,87.8,243,4,corn
26.1,72,102.3,158,1,corn
23.6,72,66.7,208,3,corn
20.0,58,60.7,187,8,corn
18.5,63,65.4,292,5,corn
21.8,58,102.1,125,0,corn
25.6,67,105.5,214,2,corn
25.2,67,78.1,176,11,corn
20.4,63,65.3,221,7,corn
24.9,67,109.2,278,9,corn
23.3,74,94.3,137,10,corn
24.8,68,74.1,265,1,corn
22.3,59,63.9,299,6,corn
18.9,66,94.8,103,12,corn
25.2,60,72.1,219,2,corn
18.3,55,63.7,295,1,corn
24.6,70,104.2,93,1,corn
25.1,65,76.7,88,6,corn
23.1,60,65.5,321,11,corn
18.1,63,84.2,316,5,corn
24.9,74,79.7,164,3,corn
18.1,71,88.1,231,0,corn
18.3,67,81.0,274,4,corn
18.8,59,79.8,196,8,corn
25.7,67,74.5,132,7,corn
25.3,69,96.5,181,10,corn
23.9,58,102.8,203,12,corn
21.5,72,102.5,288,3,corn
23.1,63,70.4,109,2,corn
25.6,64,108.8,280,2,corn
21.4,63,65.9,146,0,corn
18.5,56,91.0,286,7,corn
22.5,68,64.4,205,8,corn
23.0,62,63.0,126,1,corn
24.9,66,87.9,254,10,corn
25.8,74,107.5,172,1,corn
19.4,62,61.0,95,1,corn
21.5,60,109.8,96,1,corn
23.8,75,91.8,345,5,corn
19.0,75,94.3,118,6,corn
24.1,73,71.1,197,11,corn
24.8,70,76.7,153,4,corn
21.6,60,69.2,155,9,corn
25.4,57,101.7,108,0,corn
22.2,73,106.6,213,1,corn
20.6,69,66.3,227,3,corn
24.9,69,91.3,286,9,corn
20.0,56,109.0,295,2,corn
26.0,62,99.6,199,1,corn
19.3,66,71.3,89,2,corn
20.6,65,78.3,265,5,corn
24.7,57,88.5,116,6,corn
20.3,64,62.5,257,7,corn
18.4,64,76.4,111,8,corn
23.4,62,107.3,331,2,corn
19.8,61,100.8,182,10,corn
21.9,62,107.3,197,11,corn
22.8,57,101.6,263,4,corn
19.1,69,80.7,221,12,corn
22.0,65,83.7,181,1,corn
23.8,59,90.0,299,3,corn
18.5,69,88.1,91,5,corn
23.5,61,64.8,168,4,corn
26.5,73,73.3,298,0,corn
19.3,70,83.2,114,2,corn
20.7,59,103.7,140,7,corn
19.3,68,84.2,180,10,corn
24.6,74,96.6,213,6,corn
22.3,60,68.0,201,11,corn
25.7,61,83.2,271,9,corn
19.2,68,87.9,180,8,corn
21.7,61,95.7,154,12,corn
20.5,59,67.6,191,1,corn
23.3,74,97.6,254,1,corn
24.3,56,64.2,288,2,corn
24.9,66,75.8,150,3,corn
22.6,66,88.2,146,0,corn
18.0,61,104.2,121,4,corn
23.3,72,67.1,187,6,corn
22.9,72,67.7,254,11,corn
26.0,69,103.2,169,7,corn
26.1,66,107.2,186,9,corn
18.7,62,75.0,146,1,corn
25.1,56,78.2,196,9,corn
23.3,59,105.0,221,2,corn
25.1,66,62.5,127,10,corn
25.4,73,107.9,129,12,corn
25.3,63,74.5,192,0,corn
25.0,68,62.9,262,2,corn
18.7,72,69.9,187,6,corn
20.4,64,108.5,338,11,corn
18.1,73,79.0,310,7,corn
26.2,72,79.8,245,3,corn
18.7,61,93.6,269,7,corn
26.1,59,85.8,186,7,corn
18.9,73,82.3,146,4,corn
23.3,63,108.8,236,3,corn
18.7,63,70.2,221,10,corn
19.7,60,65.5,258,12,corn
25.7,71,98.7,213,0,corn
20.7,79,119.0,70,2,cacao
22.1,85,101.3,302,12,cacao
21.5,77,111.2,381,0,cacao
23.8,76,114.7,76,3,cacao
25.3,84,111.2,323,14,cacao
24.8,82,114.1,324,6,cacao
24.6,81,112.5,382,8,cacao
24.0,81,114.4,385,1,cacao
26.5,79,106.1,87,1,cacao
25.9,79,102.7,303,2,cacao
20.9,84,118.5,304,10,cacao
27.4,84,117.4,97,1,cacao
23.5,76,109.7,305,9,cacao
21.6,85,100.2,388,8,cacao
22.8,84,116.4,381,2,cacao
28.1,82,111.8,91,0,cacao
30.2,82,103.6,93,13,cacao
29.7,76,102.8,96,4,cacao
27.9,78,103.9,81,8,cacao
31.1,77,111.3,394,1,cacao
30.5,82,101.5,397,15,cacao
31.7,81,116.5,382,3,cacao
29.3,85,105.2,401,6,cacao
26.8,85,110.3,107,15,cacao
24.3,82,110.7,105,10,cacao
30.9,77,115.8,390,5,cacao
25.8,83,117.4,108,2,cacao
28.7,80,115.6,109,12,cacao
31.8,84,110.2,68,2,cacao
28.4,78,119.2,379,14,cacao
26.1,77,113.3,101,7,cacao
23.2,78,116.7,77,4,cacao
22.3,85,108.4,83,11,cacao
24.7,79,119.4,72,4,cacao
25.4,85,116.5,84,13,cacao
20.6,84,116.8,301,0,cacao
21.9,80,106.8,91,6,cacao
27.6,78,119.7,334,3,cacao
29.5,78,113.0,346,0,cacao
26.6,76,117.5,371,1,cacao
31.4,85,103.6,345,1,cacao
32.0,81,109.9,89,10,cacao
21.0,85,119.4,77,12,cacao
21.4,81,112.7,94,5,cacao
20.4,76,102.2,95,9,cacao
22.9,77,116.0,352,2,cacao
23.0,76,108.0,298,11,cacao
21.0,76,101.5,389,14,cacao
26.4,81,100.2,96,4,cacao
21.1,80,108.8,103,13,cacao
30.6,77,104.4,326,7,cacao
24.2,76,115.4,332,15,cacao
27.8,76,102.5,381,6,cacao
29.1,76,112.5,363,8,cacao
23.3,82,109.8,382,3,cacao
28.6,84,112.7,332,2,cacao
25.1,76,102.9,352,2,cacao
20.6,81,109.5,392,9,cacao
21.3,75,105.3,336,10,cacao
26.9,81,109.2,318,1,cacao
30.8,82,111.8,329,1,cacao
28.2,82,107.4,381,11,cacao
31.3,75,118.0,391,5,cacao
29.8,78,106.3,351,0,cacao
31.9,83,111.8,357,13,cacao
25.6,83,106.3,70,7,cacao
30.3,76,117.6,72,4,cacao
22.4,77,109.8,81,14,cacao
27.5,77,113.1,395,0,cacao
23.7,83,116.8,342,3,cacao
29.2,77,110.7,304,6,cacao
24.9,78,119.4,390,2,cacao
25.9,80,106.1,397,8,cacao
31.2,79,112.8,332,4,cacao
20.8,80,118.0,350,10,cacao
22.7,84,104.7,399,6,cacao
30.7,82,108.1,378,11,cacao
26.7,82,106.7,414,1,cacao
23.6,80,108.0,382,13,cacao
20.5,82,100.2,382,5,cacao
21.2,77,101.1,331,12,cacao
27.1,77,101.1,325,4,cacao
29.4,77,115.6,331,7,cacao
26.7,78,113.3,313,15,cacao
28.7,82,106.4,316,3,cacao
28.5,78,101.5,313,14,cacao
31.5,83,110.0,90,3,cacao
24.4,79,109.9,110,6,cacao
25.6,84,117.1,84,9,cacao
28.0,75,115.2,89,2,cacao
24.9,78,100.8,374,3,cacao
26.3,82,108.0,359,8,cacao
26.7,80,107.4,311,10,cacao
27.2,83,116.8,94,12,cacao
24.0,79,118.3,397,1,cacao
27.0,79,113.3,311,13,cacao
25.9,76,114.3,376,15,cacao
24.1,75,114.0,303,5,cacao
23.9,76,107.1,345,11,cacao
29.1,84,103.2,91,7,cacao
31.9,83,111.8,357,13,cacao
25.6,83,106.3,70,7,cacao
30.3,76,117.6,82,4,cacao
22.4,77,109.8,81,14,cacao
27.5,77,114.1,395,15,cacao
23.7,84,116.8,342,3,cacao
30.2,77,110.7,304,6,cacao
24.9,78,119.4,389,2,cacao
26.5,81,53.7,105,3,watermelon
25.2,83,46.9,76,6,watermelon
25.3,82,57.0,66,4,watermelon
24.7,88,58.0,95,4,watermelon
26.6,81,41.9,74,5,watermelon
24.5,89,49.1,67,8,watermelon
26.1,89,57.8,61,5,watermelon
26.0,90,59.5,74,5,watermelon
26.2,85,54.6,60,4,watermelon
24.4,90,44.1,81,6,watermelon
26.5,80,57.7,56,3,watermelon
24.0,84,53.8,87,5,watermelon
25.5,83,57.6,74,9,watermelon
26.7,84,40.8,45,7,watermelon
25.7,80,43.1,49,9,watermelon
25.8,84,44.2,66,8,watermelon
26.8,90,57.7,96,3,watermelon
24.9,90,57.4,86,6,watermelon
26.8,88,58.8,84,4,watermelon
25.1,80,44.2,62,4,watermelon
26.2,88,59.7,73,8,watermelon
24.9,87,49.5,57,6,watermelon
25.8,84,56.5,55,3,watermelon
25.3,88,40.1,61,5,watermelon
25.8,88,46.1,65,7,watermelon
25.9,89,46.9,102,6,watermelon
24.3,81,48.3,78,7,watermelon
25.4,81,57.2,109,9,watermelon
24.9,85,55.3,64,9,watermelon
24.7,89,48.5,97,3,watermelon
24.2,84,48.0,106,7,watermelon
25.8,82,54.8,78,6,watermelon
24.5,84,57.3,108,5,watermelon
24.1,85,51.2,109,8,watermelon
26.2,87,49.4,57,4,watermelon
26.2,87,53.3,76,7,watermelon
26.0,85,44.4,96,37,watermelon
26.5,82,54.3,72,5,watermelon
26.8,88,46.1,81,4,watermelon
25.5,81,48.5,71,7,watermelon
26.2,80,56.5,85,6,watermelon
25.1,89,43.5,49,9,watermelon
25.9,83,42.1,45,6,watermelon
26.7,90,57.4,93,7,watermelon
24.1,82,51.8,57,3,watermelon
24.7,83,57.1,76,3,watermelon
26.1,88,58.5,96,5,watermelon
26.8,88,55.7,72,5,watermelon
25.2,80,55.5,81,6,watermelon
25.3,83,49.3,80,5,watermelon
26.2,81,49.1,85,4,watermelon
24.9,81,50.6,49,6,watermelon
26.2,81,54.7,93,3,watermelon
26.8,87,51.7,57,9,watermelon
24.3,87,48.1,103,3,watermelon
24.3,88,51.3,59,7,watermelon
24.4,86,48.6,80,8,watermelon
25.7,89,54.2,49,8,watermelon
25.1,83,56.4,92,7,watermelon
24.9,86,51.7,76,3,watermelon
25.4,83,56.3,89,5,watermelon
24.4,87,44.6,104,9,watermelon
26.5,89,46.1,51,5,watermelon
25.8,89,45.2,50,3,watermelon
24.4,89,40.3,70,3,watermelon
24.4,81,44.2,50,3,watermelon
24.2,83,54.8,103,4,watermelon
24.6,85,48.3,59,7,watermelon
24.9,86,53.1,80,3,watermelon
25.4,81,49.5,92,9,watermelon
26.3,86,59.0,49,7,watermelon
24.9,87,46.6,93,5,watermelon
24.8,89,59.7,57,6,watermelon
27.0,87,42.9,103,5,watermelon
26.9,86,59.8,101,6,watermelon
25.9,87,41.2,59,6,watermelon
26.7,81,51.5,80,3,watermelon
26.4,81,47.8,49,4,watermelon
26.3,84,50.8,92,2,watermelon
26.8,84,40.2,52,3,watermelon
26.0,84,43.9,73,4,watermelon
24.9,85,48.8,72,8,watermelon
25.5,84,44.2,99,5,watermelon
25.4,88,57.5,58,3,watermelon
26.1,87,40.7,60,4,watermelon
25.1,88,59.3,98,3,watermelon
26.3,87,54.4,70,5,watermelon
26.3,83,46.8,79,7,watermelon
26.7,88,47.5,74,5,watermelon
25.0,86,56.7,79,9,watermelon
24.7,86,49.0,61,4,watermelon
24.5,85,42.0,74,5,watermelon
25.9,82,54.5,47,7,watermelon
26.6,84,56.3,88,4,watermelon
25.4,80,47.7,62,4,watermelon
25.3,90,58.3,74,8,watermelon
26.6,85,48.3,61,6,watermelon
26.8,93,224.6,51,9,coconut
25.6,94,224.3,61,7,coconut
28.1,96,151.1,82,8,coconut
25.0,92,179.8,50,6,coconut
27.8,100,181.7,73,8,coconut
29.3,95,184.8,66,25,coconut
27.1,94,151.0,79,20,coconut
25.8,91,147.9,57,11,coconut
26.6,91,178.8,48,14,coconut
28.4,99,189.7,89,10,coconut
28.4,92,145.5,69,12,coconut
28.3,97,198.8,53,11,coconut
27.0,96,144.3,76,15,coconut
27.6,99,157.9,70,9,coconut
26.3,100,215.9,46,7,coconut
27.1,95,204.7,59,13,coconut
25.6,98,199.8,86,8,coconut
25.9,93,172.1,62,19,coconut
28.0,95,218.0,52,6,coconut
29.1,91,157.2,84,12,coconut
27.1,97,171.8,49,14,coconut
28.1,90,172.5,67,7,coconut
27.5,94,156.7,93,17,coconut
27.6,95,205.5,68,10,coconut
29.0,94,150.1,55,9,coconut
26.6,96,171.6,88,6,coconut
28.3,97,142.9,78,16,coconut
28.7,97,179.0,71,9,coconut
29.7,96,209.8,86,16,coconut
27.1,97,149.2,63,9,coconut
29.3,92,132.1,80,21,coconut
25.1,93,134.8,47,8,coconut
26.9,91,194.9,87,22,coconut
28.3,94,171.9,74,7,coconut
29.2,93,205.0,56,6,coconut
28.4,92,160.7,64,8,coconut
29.4,93,218.5,51,10,coconut
25.4,98,218.1,75,18,coconut
26.3,99,208.1,89,11,coconut
29.5,92,194.3,85,13,coconut
28.8,92,145.4,83,22,coconut
28.5,98,160.4,58,9,coconut
28.7,93,156.8,72,6,coconut
25.0,96,165.8,54,16,coconut
29.9,91,192.8,65,7,coconut
27.5,95,150.2,81,9,coconut
26.5,98,144.6,90,11,coconut
25.0,96,174.8,71,15,coconut
29.2,96,211.3,45,8,coconut
27.1,91,224.7,67,12,coconut
26.2,97,135.4,44,19,coconut
27.6,92,162.8,89,7,coconut
25.8,95,131.2,46,9,coconut
28.9,95,145.1,49,6,coconut
26.5,94,199.9,66,11,coconut
26.9,92,214.4,52,8,coconut
27.6,95,145.9,47,14,coconut
28.1,98,171.7,81,20,coconut
29.5,93,131.2,56,10,coconut
29.0,95,222.8,58,7,coconut
25.1,92,157.8,69,18,coconut
27.2,92,141.3,63,9,coconut
29.0,91,205.6,87,12,coconut
27.8,96,131.1,82,13,coconut
27.3,100,201.8,61,8,coconut
28.8,100,224.4,70,21,coconut
26.6,97,191.0,79,7,coconut
29.7,96,215.2,85,10,coconut
25.5,92,212.9,71,6,coconut
26.4,91,167.0,55,17,coconut
27.5,93,142.1,74,9,coconut
27.0,96,147.2,64,15,coconut
29.0,91,148.8,76,12,coconut
26.1,92,134.1,72,8,coconut
25.1,95,192.9,68,11,coconut
25.5,97,191.3,53,6,coconut
28.6,96,134.8,80,9,coconut
26.1,97,143.5,84,7,coconut
25.5,94,178.7,95,12,coconut
25.9,95,144.2,59,18,coconut
28.3,95,182.4,45,10,coconut
29.6,91,224.8,49,8,coconut
29.7,95,148.3,65,13,coconut
26.1,93,195.4,82,9,coconut
26.0,95,209.5,83,22,coconut
27.2,91,164.9,54,7,coconut
29.0,98,213.9,78,11,coconut
26.1,96,131.3,48,6,coconut
25.5,94,135.1,88,13,coconut
27.6,100,174.6,73,9,coconut
27.8,97,154.1,75,14,coconut
25.6,100,165.8,57,10,coconut
26.9,100,225.6,60,7,coconut
29.2,90,188.9,50,5,coconut
26.4,98,221.2,77,19,coconut
28.4,96,203.9,62,8,coconut
28.9,93,191.8,86,12,coconut
26.5,93,149.2,89,9,coconut
25.8,94,152.4,45,23,coconut
26.9,99,166.6,90,6,coconut
25.9,90,144.8,44,15,coconut
25.3,90,224.3,67,10,coconut
24.0,91,195.8,51,13,coconut
28.5,90,213.8,58,9,coconut
25.4,100,165.1,76,7,coconut
29.0,95,188.6,87,11,coconut
25.0,95,131.3,65,8,coconut
26.5,91,135.2,49,17,coconut
29.1,91,225.5,45,9,coconut
27.2,99,195.9,91,6,coconut
31.5,58,106.0,77,0,sugarcane
29.3,47,101.0,70,2,sugarcane
33.1,60,93.0,70,9,sugarcane
28.4,56,118.0,72,7,sugarcane
25.7,51,99.0,94,15,sugarcane
27.8,61,108.0,62,4,sugarcane
34.2,59,120.0,91,13,sugarcane
24.6,47,103.0,77,7,sugarcane
32.0,51,94.0,49,12,sugarcane
24.9,63,106.0,48,8,sugarcane
30.8,46,111.0,92,3,sugarcane
24.3,51,101.0,78,12,sugarcane
25.1,58,115.0,98,9,sugarcane
28.6,47,93.0,91,0,sugarcane
29.4,58,98.0,75,1,sugarcane
33.8,52,114.0,79,6,sugarcane
26.2,61,117.0,76,1,sugarcane
27.2,64,121.0,85,1,sugarcane
34.9,49,92.0,56,13,sugarcane
33.6,56,117.0,91,6,sugarcane
25.9,56,121.0,99,3,sugarcane
31.1,55,92.0,93,10,sugarcane
28.5,49,117.0,81,7,sugarcane
26.4,65,95.0,65,3,sugarcane
35.0,59,104.0,65,5,sugarcane
30.0,46,115.0,66,6,sugarcane
35.1,58,100.0,90,10,sugarcane
34.6,48,124.0,59,8,sugarcane
27.1,63,91.0,87,16,sugarcane
35.2,61,106.0,64,12,sugarcane
32.4,50,123.0,61,5,sugarcane
30.6,46,125.0,69,8,sugarcane
35.3,49,104.0,59,2,sugarcane
34.5,64,110.0,52,13,sugarcane
27.5,57,106.0,59,4,sugarcane
27.0,62,102.0,79,6,sugarcane
32.1,56,96.0,78,2,sugarcane
25.4,56,119.0,94,2,sugarcane
32.7,61,97.0,91,8,sugarcane
31.0,57,97.0,61,2,sugarcane
23.0,55,120.0,68,0,sugarcane
27.0,52,114.0,60,10,sugarcane
27.9,45,100.0,61,9,sugarcane
24.7,60,108.0,49,11,sugarcane
34.7,63,118.0,47,6,sugarcane
28.8,50,94.0,52,11,sugarcane
30.2,61,110.0,70,1,sugarcane
24.1,51,106.0,97,1,sugarcane
29.6,61,102.0,62,0,sugarcane
31.6,64,96.0,97,7,sugarcane
28.7,63,119.0,84,5,sugarcane
32.6,52,94.0,45,7,sugarcane
31.9,60,103.0,47,6,sugarcane
31.4,56,122.0,97,14,sugarcane
25.6,52,116.0,82,4,sugarcane
23.4,58,99.0,99,11,sugarcane
32.9,63,115.0,70,14,sugarcane
31.4,62,113.0,98,0,sugarcane
25.6,61,109.0,74,4,sugarcane
23.9,54,107.0,47,3,sugarcane
32.9,57,9.0,66,4,sugarcane
34.0,55,91.0,74,12,sugarcane
27.6,54,120.0,56,5,sugarcane
34.3,59,105.0,95,7,sugarcane
25.5,61,121.0,80,13,sugarcane
24.8,49,123.0,93,0,sugarcane
33.5,49,120.0,74,15,sugarcane
28.2,63,105.0,83,1,sugarcane
29.7,64,121.0,57,4,sugarcane
28.9,53,124.0,91,11,sugarcane
25.0,60,93.0,89,9,sugarcane
23.4,56,114.0,82,7,sugarcane
32.9,60,102.0,80,2,sugarcane
34.0,52,122.0,81,0,sugarcane
27.6,58,97.0,93,0,sugarcane
23.3,63,123.0,91,15,sugarcane
26.7,61,97.0,74,12,sugarcane
24.8,55,111.0,86,4,sugarcane
33.5,49,100.0,57,1,sugarcane
28.2,62,96.0,91,14,sugarcane
29.7,59,93.0,89,2,sugarcane
26.7,64,91.0,86,4,sugarcane
28.9,61,124.0,98,11,sugarcane
25.0,48,119.0,59,11,sugarcane
32.5,59,120.0,51,9,sugarcane
31.2,50,105.0,55,0,sugarcane
26.6,48,103.0,52,14,sugarcane
30.7,57,93.0,53,4,sugarcane
34.8,44,120.0,76,11,sugarcane
33.0,52,121.0,71,7,sugarcane
23.9,59,121.0,68,2,sugarcane
28.1,60,97.0,61,16,sugarcane
25.8,51,99.0,50,4,sugarcane
27.0,54,90.1,149,7,mango
33.6,48,98.7,164,2,mango
35.9,46,95.9,177,12,mango
34.2,54,95.7,169,5,mango
30.0,51,92.2,174,0,mango
31.7,53,98.0,168,10,mango
36.0,45,97.7,249,6,mango
31.9,52,93.8,199,2,mango
27.8,52,95.4,201,6,mango
34.7,52,98.5,276,4,mango
27.5,51,94.1,249,1,mango
27.7,54,97.3,373,8,mango
27.3,49,99.4,299,15,mango
30.3,53,89.9,426,18,mango
31.9,49,91.9,281,3,mango
35.4,46,94.4,259,9,mango
29.8,49,91.6,253,14,mango
34.2,52,97.4,237,0,mango
28.9,54,95.7,302,0,mango
28.0,48,98.3,329,13,mango
31.2,53,100.0,248,17,mango
32.1,54,99.6,391,10,mango
28.9,51,94.6,417,5,mango
31.1,48,98.6,387,2,mango
34.7,47,97.0,433,9,mango
30.0,49,90.3,441,3,mango
33.8,49,90.7,357,11,mango
30.1,46,91.8,362,9,mango
27.9,51,90.8,373,10,mango
31.4,52,92.1,409,4,mango
35.8,49,100.3,395,12,mango
33.4,52,93.0,411,6,mango
36.0,45,100.2,374,15,mango
28.3,49,98.8,447,12,mango
32.3,51,98.0,361,2,mango
32.0,50,91.7,364,1,mango
27.6,51,96.0,351,5,mango
29.4,49,97.4,301,7,mango
32.4,46,95.8,319,18,mango
30.9,53,100.8,192,0,mango
35.4,50,90.2,433,1,mango
32.3,46,90.1,299,0,mango
28.2,53,97.4,287,0,mango
27.3,47,93.4,409,8,mango
27.1,47,97.8,423,4,mango
34.9,51,95.3,324,7,mango
33.7,49,92.4,351,6,mango
27.4,49,91.6,393,3,mango
32.9,54,92.3,261,2,mango
35.4,53,96.3,326,12,mango
27.6,51,94.5,335,9,mango
32.8,48,90.3,276,1,mango
30.2,47,90.4,169,11,mango
29.3,51,90.9,180,10,mango
32.1,55,95.2,421,1,mango
28.7,51,100.8,416,4,mango
29.1,48,96.6,207,15,mango
28.3,49,99.6,334,2,mango
27.7,54,97.6,202,14,mango
28.1,45,90.4,168,5,mango
30.8,46,92.8,382,5,mango
28.9,47,93.3,389,0,mango
33.3,55,92.2,413,18,mango
27.8,46,94.8,324,13,mango
31.7,54,98.3,224,16,mango
29.8,48,91.0,379,8,mango
31.3,47,91.1,431,4,mango
35.6,50,91.4,430,12,mango
31.7,49,89.8,225,10,mango
32.3,52,97.5,340,3,mango
27.8,54,90.0,315,9,mango
34.6,52,95.9,298,1,mango
31.3,50,95.9,163,1,mango
33.9,52,100.3,166,13,mango
31.1,53,89.7,421,4,mango
31.9,47,97.5,381,16,mango
32.5,49,91.5,349,10,mango
35.5,51,89.6,401,0,mango
27.3,48,95.0,259,15,mango
30.9,49,97.8,401,2,mango
29.1,50,93.5,259,8,mango
30.0,46,91.8,224,14,mango
34.1,47,96.2,253,18,mango
33.4,51,96.6,329,11,mango
35.4,53,96.4,169,7,mango
31.5,52,98.1,192,12,mango
30.8,53,91.2,197,17,mango
30.0,48,98.6,258,6,mango
31.3,50,90.4,292,5,mango
33.9,48,96.1,399,9,mango
28.1,54,94.7,408,1,mango
35.5,55,89.3,363,13,mango
28.7,53,97.5,367,4,mango
31.5,50,91.5,351,16,mango
27.7,49,95.9,149,10,mango
30.4,51,93.2,157,0,mango
32.2,52,100.8,151,15,mango
32.6,54,93.9,147,2,mango
26.1,69,69.5,334,10,groundnut
25.1,66,66.2,225,25,groundnut
25.5,66,73.3,279,4,groundnut
25.8,67,68.4,368,21,groundnut
24.5,68,72.6,315,17,groundnut
23.6,68,61.7,294,8,groundnut
27.4,69,61.9,386,19,groundnut
24.2,68,71.2,389,23,groundnut
22.9,66,63.1,272,3,groundnut
25.3,67,67.8,240,5,groundnut
23.8,67,62.6,337,15,groundnut
24.6,69,60.8,203,27,groundnut
24.8,69,71.6,358,29,groundnut
23.4,65,67.2,260,1,groundnut
24.3,66,74.5,315,30,groundnut
27.6,69,63.9,378,12,groundnut
22.5,65,65.1,219,2,groundnut
25.4,68,70.7,327,24,groundnut
26.3,69,68.6,292,22,groundnut
26.9,66,63.5,305,11,groundnut
23.9,68,64.9,395,28,groundnut
23.3,67,62.4,276,18,groundnut
23.5,66,72.4,248,20,groundnut
24.9,69,64.4,349,9,groundnut
22.8,66,61.5,293,6,groundnut
27.3,67,66.7,243,7,groundnut
26.1,69,73.7,312,26,groundnut
24.4,68,68.3,237,16,groundnut
22.4,66,67.0,382,0,groundnut
25.9,67,72.2,342,14,groundnut
26.6,69,68.0,374,30,groundnut
22.3,66,69.6,257,27,groundnut
24.1,66,62.7,367,6,groundnut
27.5,68,64.8,349,5,groundnut
23.7,67,66.0,392,3,groundnut
27.1,67,66.4,281,26,groundnut
25.2,65,71.3,362,25,groundnut
26.5,67,65.7,255,17,groundnut
28.0,66,73.9,393,2,groundnut
23.1,69,61.8,372,24,groundnut
22.7,69,63.7,264,18,groundnut
25.6,67,70.3,229,8,groundnut
26.4,66,73.0,392,19,groundnut
22.2,66,71.7,330,12,groundnut
27.2,69,63.4,380,1,groundnut
23.2,68,67.3,280,21,groundnut
26.0,67,62.3,392,20,groundnut
24.0,69,72.9,308,13,groundnut
22.6,68,71.1,392,11,groundnut
24.7,66,69.9,308,23,groundnut
25.0,66,73.2,321,29,groundnut
27.8,65,67.6,380,14,groundnut
25.7,68,62.9,395,16,groundnut
23.0,69,68.1,368,4,groundnut
27.7,65,60.4,309,28,groundnut
26.8,67,70.1,372,9,groundnut
22.1,67,70.9,348,22,groundnut
23.9,69,74.1,373,15,groundnut
24.3,66,66.8,347,13,groundnut
22.8,68,62.1,257,10,groundnut
27.2,68,64.6,254,7,groundnut
22.3,66,71.4,361,0,groundnut
26.5,67,66.3,229,30,groundnut
24.9,69,65.6,326,27,groundnut
28.0,69,61.1,370,25,groundnut
27.1,65,70.6,354,6,groundnut
23.2,65,73.1,281,20,groundnut
25.6,68,68.2,221,12,groundnut
26.4,69,70.5,246,28,groundnut
24.6,69,61.6,356,18,groundnut
23.7,69,71.8,256,22,groundnut
22.9,66,67.5,308,29,groundnut
24.1,67,65.4,270,4,groundnut
25.2,69,61.0,287,9,groundnut
27.5,69,67.1,273,17,groundnut
25.3,67,70.0,308,23,groundnut
22.5,66,70.8,271,5,groundnut
24.0,65,71.0,246,15,groundnut
25.8,69,63.2,318,19,groundnut
26.9,66,62.2,390,24,groundnut
22.6,66,74.7,271,14,groundnut
27.6,67,63.6,254,21,groundnut
23.4,67,62.0,381,3,groundnut
24.5,65,66.1,233,1,groundnut
23.1,68,70.4,322,13,groundnut
25.9,67,72.0,298,11,groundnut
23.3,69,68.8,307,2,groundnut
22.4,69,69.7,311,8,groundnut
25.1,66,65.2,267,16,groundnut
26.1,66,74.9,370,26,groundnut
23.8,69,64.1,236,7,groundnut
24.4,67,66.5,300,0,groundnut
26.0,65,67.4,214,10,groundnut
25.4,68,64.5,282,30,groundnut
23.5,68,64.3,259,6,groundnut
24.2,67,72.1,372,12,groundnut
27.8,67,70.2,376,18,groundnut
25.7,69,73.8,244,21,groundnut
26.3,67,72.5,236,27,groundnut
26.2,67,64.0,371,25,groundnut
